<?xml version="1.0" encoding="UTF-8"?>
<GenRun Id="impl_1" LaunchPart="xc7a100tcsg324-1" LaunchTime="1757505686">
  <File Type="OPT-DCP" Name="multi_porta_opt.dcp"/>
  <File Type="RUN-CONSTRS" Name="$PDATADIR/runs/impl_1/constrs_in.xml"/>
  <File Type="RUN-SRCS" Name="$PDATADIR/runs/impl_1/sources.xml"/>
  <File Type="PWROPT-DCP" Name="multi_porta_pwropt.dcp"/>
  <File Type="ROUTE-DCP" Name="multi_porta_routed.dcp"/>
  <File Type="PA-TCL" Name="multi_porta.tcl"/>
  <File Type="RUN-STRAT" Name="$PDATADIR/runs/impl_1/impl_1.psg"/>
  <File Type="OPT-DRC" Name="multi_porta_drc_opted.rpt"/>
  <File Type="PWROPT-DRC" Name="multi_porta_drc_pwropted.rpt"/>
  <File Type="OPT-HWDEF" Name="multi_porta.hwdef"/>
  <File Type="PLACE-DCP" Name="multi_porta_placed.dcp"/>
  <File Type="PLACE-IO" Name="multi_porta_io_placed.rpt"/>
  <File Type="PLACE-CLK" Name="multi_porta_clock_utilization_placed.rpt"/>
  <File Type="PLACE-UTIL" Name="multi_porta_utilization_placed.rpt"/>
  <File Type="PLACE-UTIL-PB" Name="multi_porta_utilization_placed.pb"/>
  <File Type="PLACE-CTRL" Name="multi_porta_control_sets_placed.rpt"/>
  <File Type="PLACE-SIMILARITY" Name="multi_porta_incremental_reuse_placed.rpt"/>
  <File Type="PLACE-PRE-SIMILARITY" Name="multi_porta_incremental_reuse_pre_placed.rpt"/>
  <File Type="POSTPLACE-PWROPT-DCP" Name="multi_porta_postplace_pwropt.dcp"/>
  <File Type="PHYSOPT-DCP" Name="multi_porta_physopt.dcp"/>
  <File Type="RDI-RDI" Name="multi_porta.vdi"/>
  <File Type="PHYSOPT-DRC" Name="multi_porta_drc_physopted.rpt"/>
  <File Type="ROUTE-DRC" Name="multi_porta_drc_routed.rpt"/>
  <File Type="ROUTE-DRC-PB" Name="multi_porta_drc_routed.pb"/>
  <File Type="ROUTE-PWR" Name="multi_porta_power_routed.rpt"/>
  <File Type="ROUTE-PWR-SUM" Name="multi_porta_power_summary_routed.pb"/>
  <File Type="ROUTE-STATUS" Name="multi_porta_route_status.rpt"/>
  <File Type="ROUTE-STATUS-PB" Name="multi_porta_route_status.pb"/>
  <File Type="ROUTE-TIMINGSUMMARY" Name="multi_porta_timing_summary_routed.rpt"/>
  <File Type="ROUTE-TIMING-PB" Name="multi_porta_timing_summary_routed.pb"/>
  <File Type="ROUTE-TIMING-RPX" Name="multi_porta_timing_summary_routed.rpx"/>
  <File Type="ROUTE-SIMILARITY" Name="multi_porta_incremental_reuse_routed.rpt"/>
  <File Type="ROUTE-CLK" Name="multi_porta_clock_utilization_routed.rpt"/>
  <File Type="POSTROUTE-PHYSOPT-DCP" Name="multi_porta_postroute_physopt.dcp"/>
  <File Type="POSTROUTE-PHYSOPT-TIMING" Name="multi_porta_timing_summary_postroute_physopted.rpt"/>
  <File Type="POSTROUTE-PHYSOPT-TIMING-PB" Name="multi_porta_timing_summary_postroute_physopted.pb"/>
  <File Type="POSTROUTE-PHYSOPT-TIMING-RPX" Name="multi_porta_timing_summary_postroute_physopted.rpx"/>
  <File Type="BG-BIT" Name="multi_porta.bit"/>
  <File Type="BG-BIN" Name="multi_porta.bin"/>
  <File Type="BITSTR-MSK" Name="multi_porta.msk"/>
  <File Type="BITSTR-RBT" Name="multi_porta.rbt"/>
  <File Type="BITSTR-NKY" Name="multi_porta.nky"/>
  <File Type="BITSTR-BMM" Name="multi_porta_bd.bmm"/>
  <File Type="BITSTR-MMI" Name="multi_porta.mmi"/>
  <File Type="BITSTR-SYSDEF" Name="multi_porta.sysdef"/>
  <File Type="BG-BGN" Name="multi_porta.bgn"/>
  <File Type="BG-DRC" Name="multi_porta.drc"/>
  <File Type="WBT-USG" Name="usage_statistics_webtalk.html"/>
  <FileSet Name="sources" Type="DesignSrcs" RelSrcDir="$PSRCDIR/sources_1">
    <Filter Type="Srcs"/>
    <File Path="$PSRCDIR/sources_1/new/Variaveis_exemplo.vhd">
      <FileInfo>
        <Attr Name="UsedIn" Val="synthesis"/>
        <Attr Name="UsedIn" Val="simulation"/>
      </FileInfo>
    </File>
    <Config>
      <Option Name="DesignMode" Val="RTL"/>
      <Option Name="TopModule" Val="multi_porta"/>
      <Option Name="TopAutoSet" Val="TRUE"/>
    </Config>
  </FileSet>
  <FileSet Name="constrs_in" Type="Constrs" RelSrcDir="$PSRCDIR/constrs_1">
    <Filter Type="Constrs"/>
    <Config>
      <Option Name="ConstrsType" Val="XDC"/>
    </Config>
  </FileSet>
  <Strategy Version="1" Minor="2">
    <StratHandle Name="Vivado Implementation Defaults" Flow="Vivado Implementation 2015">
      <Desc>Vivado Implementation Defaults</Desc>
    </StratHandle>
    <Step Id="init_design"/>
    <Step Id="opt_design"/>
    <Step Id="power_opt_design"/>
    <Step Id="place_design"/>
    <Step Id="post_place_power_opt_design"/>
    <Step Id="phys_opt_design"/>
    <Step Id="route_design"/>
    <Step Id="post_route_phys_opt_design"/>
    <Step Id="write_bitstream"/>
  </Strategy>
</GenRun>
