<?xml version="1.0" encoding="UTF-8"?>
<GenRun Id="impl_1" LaunchPart="xc7a100tcsg324-1" LaunchTime="1758715886">
  <File Type="OPT-DCP" Name="somador2bits_opt.dcp"/>
  <File Type="RUN-CONSTRS" Name="$PDATADIR/runs/impl_1/constrs_in.xml"/>
  <File Type="RUN-SRCS" Name="$PDATADIR/runs/impl_1/sources.xml"/>
  <File Type="PWROPT-DCP" Name="somador2bits_pwropt.dcp"/>
  <File Type="ROUTE-DCP" Name="somador2bits_routed.dcp"/>
  <File Type="PA-TCL" Name="somador2bits.tcl"/>
  <File Type="RUN-STRAT" Name="$PDATADIR/runs/impl_1/impl_1.psg"/>
  <File Type="OPT-DRC" Name="somador2bits_drc_opted.rpt"/>
  <File Type="PWROPT-DRC" Name="somador2bits_drc_pwropted.rpt"/>
  <File Type="OPT-HWDEF" Name="somador2bits.hwdef"/>
  <File Type="PLACE-DCP" Name="somador2bits_placed.dcp"/>
  <File Type="PLACE-IO" Name="somador2bits_io_placed.rpt"/>
  <File Type="PLACE-CLK" Name="somador2bits_clock_utilization_placed.rpt"/>
  <File Type="PLACE-UTIL" Name="somador2bits_utilization_placed.rpt"/>
  <File Type="PLACE-UTIL-PB" Name="somador2bits_utilization_placed.pb"/>
  <File Type="PLACE-CTRL" Name="somador2bits_control_sets_placed.rpt"/>
  <File Type="PLACE-SIMILARITY" Name="somador2bits_incremental_reuse_placed.rpt"/>
  <File Type="PLACE-PRE-SIMILARITY" Name="somador2bits_incremental_reuse_pre_placed.rpt"/>
  <File Type="POSTPLACE-PWROPT-DCP" Name="somador2bits_postplace_pwropt.dcp"/>
  <File Type="PHYSOPT-DCP" Name="somador2bits_physopt.dcp"/>
  <File Type="RDI-RDI" Name="somador2bits.vdi"/>
  <File Type="PHYSOPT-DRC" Name="somador2bits_drc_physopted.rpt"/>
  <File Type="ROUTE-DRC" Name="somador2bits_drc_routed.rpt"/>
  <File Type="ROUTE-DRC-PB" Name="somador2bits_drc_routed.pb"/>
  <File Type="ROUTE-PWR" Name="somador2bits_power_routed.rpt"/>
  <File Type="ROUTE-PWR-SUM" Name="somador2bits_power_summary_routed.pb"/>
  <File Type="ROUTE-STATUS" Name="somador2bits_route_status.rpt"/>
  <File Type="ROUTE-STATUS-PB" Name="somador2bits_route_status.pb"/>
  <File Type="ROUTE-TIMINGSUMMARY" Name="somador2bits_timing_summary_routed.rpt"/>
  <File Type="ROUTE-TIMING-PB" Name="somador2bits_timing_summary_routed.pb"/>
  <File Type="ROUTE-TIMING-RPX" Name="somador2bits_timing_summary_routed.rpx"/>
  <File Type="ROUTE-SIMILARITY" Name="somador2bits_incremental_reuse_routed.rpt"/>
  <File Type="ROUTE-CLK" Name="somador2bits_clock_utilization_routed.rpt"/>
  <File Type="POSTROUTE-PHYSOPT-DCP" Name="somador2bits_postroute_physopt.dcp"/>
  <File Type="POSTROUTE-PHYSOPT-TIMING" Name="somador2bits_timing_summary_postroute_physopted.rpt"/>
  <File Type="POSTROUTE-PHYSOPT-TIMING-PB" Name="somador2bits_timing_summary_postroute_physopted.pb"/>
  <File Type="POSTROUTE-PHYSOPT-TIMING-RPX" Name="somador2bits_timing_summary_postroute_physopted.rpx"/>
  <File Type="BG-BIT" Name="somador2bits.bit"/>
  <File Type="BG-BIN" Name="somador2bits.bin"/>
  <File Type="BITSTR-MSK" Name="somador2bits.msk"/>
  <File Type="BITSTR-RBT" Name="somador2bits.rbt"/>
  <File Type="BITSTR-NKY" Name="somador2bits.nky"/>
  <File Type="BITSTR-BMM" Name="somador2bits_bd.bmm"/>
  <File Type="BITSTR-MMI" Name="somador2bits.mmi"/>
  <File Type="BITSTR-SYSDEF" Name="somador2bits.sysdef"/>
  <File Type="BG-BGN" Name="somador2bits.bgn"/>
  <File Type="BG-DRC" Name="somador2bits.drc"/>
  <File Type="WBT-USG" Name="usage_statistics_webtalk.html"/>
  <FileSet Name="sources" Type="DesignSrcs" RelSrcDir="$PSRCDIR/sources_1">
    <Filter Type="Srcs"/>
    <File Path="$PSRCDIR/sources_1/new/somador2bits.vhd">
      <FileInfo>
        <Attr Name="ImportPath" Val="$PPRDIR/../../Atividade1/Atividade1.srcs/sources_1/new/somador2bits.vhd"/>
        <Attr Name="ImportTime" Val="1758715861"/>
        <Attr Name="UsedIn" Val="synthesis"/>
        <Attr Name="UsedIn" Val="simulation"/>
      </FileInfo>
    </File>
    <Config>
      <Option Name="DesignMode" Val="RTL"/>
      <Option Name="TopModule" Val="somador2bits"/>
      <Option Name="TopAutoSet" Val="TRUE"/>
    </Config>
  </FileSet>
  <FileSet Name="constrs_in" Type="Constrs" RelSrcDir="$PSRCDIR/constrs_1">
    <Filter Type="Constrs"/>
    <Config>
      <Option Name="ConstrsType" Val="XDC"/>
    </Config>
  </FileSet>
  <Strategy Version="1" Minor="2">
    <StratHandle Name="Vivado Implementation Defaults" Flow="Vivado Implementation 2015">
      <Desc>Vivado Implementation Defaults</Desc>
    </StratHandle>
    <Step Id="init_design"/>
    <Step Id="opt_design"/>
    <Step Id="power_opt_design"/>
    <Step Id="place_design"/>
    <Step Id="post_place_power_opt_design"/>
    <Step Id="phys_opt_design"/>
    <Step Id="route_design"/>
    <Step Id="post_route_phys_opt_design"/>
    <Step Id="write_bitstream"/>
  </Strategy>
</GenRun>
