<?xml version="1.0" encoding="UTF-8"?>
<GenRun Id="synth_1" LaunchPart="xc7a100tcsg324-1" LaunchTime="1756908128">
  <File Type="RDS-DCP" Name="variaveis_exemplo.dcp"/>
  <File Type="RUN-CONSTRS" Name="$PDATADIR/runs/synth_1/constrs_in.xml"/>
  <File Type="RDS-UTIL-PB" Name="variaveis_exemplo_utilization_synth.pb"/>
  <File Type="RUN-SRCS" Name="$PDATADIR/runs/synth_1/sources.xml"/>
  <File Type="RDS-PROPCONSTRS" Name="variaveis_exemplo_drc_synth.rpt"/>
  <File Type="PA-TCL" Name="variaveis_exemplo.tcl"/>
  <File Type="RUN-STRAT" Name="$PDATADIR/runs/synth_1/synth_1.psg"/>
  <File Type="RDS-RDS" Name="variaveis_exemplo.vds"/>
  <File Type="RDS-UTIL" Name="variaveis_exemplo_utilization_synth.rpt"/>
  <File Type="VDS-TIMINGSUMMARY" Name="variaveis_exemplo_timing_summary_synth.rpt"/>
  <File Type="VDS-TIMING-PB" Name="variaveis_exemplo_timing_summary_synth.pb"/>
  <FileSet Name="sources" Type="DesignSrcs" RelSrcDir="$PSRCDIR/sources_1">
    <Filter Type="Srcs"/>
    <File Path="$PSRCDIR/sources_1/new/Variaveis.vhd">
      <FileInfo>
        <Attr Name="ImportPath" Val="$PPRDIR/../Atividade1/Atividade1.srcs/sources_1/new/Variaveis.vhd"/>
        <Attr Name="ImportTime" Val="1756907674"/>
        <Attr Name="UsedIn" Val="synthesis"/>
        <Attr Name="UsedIn" Val="simulation"/>
      </FileInfo>
    </File>
    <Config>
      <Option Name="DesignMode" Val="RTL"/>
      <Option Name="TopModule" Val="variaveis_exemplo"/>
      <Option Name="TopAutoSet" Val="TRUE"/>
    </Config>
  </FileSet>
  <FileSet Name="constrs_in" Type="Constrs" RelSrcDir="$PSRCDIR/constrs_1">
    <Filter Type="Constrs"/>
    <Config>
      <Option Name="ConstrsType" Val="XDC"/>
    </Config>
  </FileSet>
  <Strategy Version="1" Minor="2">
    <StratHandle Name="Vivado Synthesis Defaults" Flow="Vivado Synthesis 2015">
      <Desc>Vivado Synthesis Defaults</Desc>
    </StratHandle>
    <Step Id="synth_design"/>
  </Strategy>
</GenRun>
