<?xml version="1.0" encoding="UTF-8"?>
<GenRun Id="impl_1" LaunchPart="xc7a100tcsg324-1" LaunchTime="1757503207">
  <File Type="OPT-DCP" Name="variaveis_exemplo_opt.dcp"/>
  <File Type="RUN-CONSTRS" Name="$PDATADIR/runs/impl_1/constrs_in.xml"/>
  <File Type="RUN-SRCS" Name="$PDATADIR/runs/impl_1/sources.xml"/>
  <File Type="PWROPT-DCP" Name="variaveis_exemplo_pwropt.dcp"/>
  <File Type="ROUTE-DCP" Name="variaveis_exemplo_routed.dcp"/>
  <File Type="PA-TCL" Name="variaveis_exemplo.tcl"/>
  <File Type="RUN-STRAT" Name="$PDATADIR/runs/impl_1/impl_1.psg"/>
  <File Type="OPT-DRC" Name="variaveis_exemplo_drc_opted.rpt"/>
  <File Type="PWROPT-DRC" Name="variaveis_exemplo_drc_pwropted.rpt"/>
  <File Type="OPT-HWDEF" Name="variaveis_exemplo.hwdef"/>
  <File Type="PLACE-DCP" Name="variaveis_exemplo_placed.dcp"/>
  <File Type="PLACE-IO" Name="variaveis_exemplo_io_placed.rpt"/>
  <File Type="PLACE-CLK" Name="variaveis_exemplo_clock_utilization_placed.rpt"/>
  <File Type="PLACE-UTIL" Name="variaveis_exemplo_utilization_placed.rpt"/>
  <File Type="PLACE-UTIL-PB" Name="variaveis_exemplo_utilization_placed.pb"/>
  <File Type="PLACE-CTRL" Name="variaveis_exemplo_control_sets_placed.rpt"/>
  <File Type="PLACE-SIMILARITY" Name="variaveis_exemplo_incremental_reuse_placed.rpt"/>
  <File Type="PLACE-PRE-SIMILARITY" Name="variaveis_exemplo_incremental_reuse_pre_placed.rpt"/>
  <File Type="POSTPLACE-PWROPT-DCP" Name="variaveis_exemplo_postplace_pwropt.dcp"/>
  <File Type="PHYSOPT-DCP" Name="variaveis_exemplo_physopt.dcp"/>
  <File Type="RDI-RDI" Name="variaveis_exemplo.vdi"/>
  <File Type="PHYSOPT-DRC" Name="variaveis_exemplo_drc_physopted.rpt"/>
  <File Type="ROUTE-DRC" Name="variaveis_exemplo_drc_routed.rpt"/>
  <File Type="ROUTE-DRC-PB" Name="variaveis_exemplo_drc_routed.pb"/>
  <File Type="ROUTE-PWR" Name="variaveis_exemplo_power_routed.rpt"/>
  <File Type="ROUTE-PWR-SUM" Name="variaveis_exemplo_power_summary_routed.pb"/>
  <File Type="ROUTE-STATUS" Name="variaveis_exemplo_route_status.rpt"/>
  <File Type="ROUTE-STATUS-PB" Name="variaveis_exemplo_route_status.pb"/>
  <File Type="ROUTE-TIMINGSUMMARY" Name="variaveis_exemplo_timing_summary_routed.rpt"/>
  <File Type="ROUTE-TIMING-PB" Name="variaveis_exemplo_timing_summary_routed.pb"/>
  <File Type="ROUTE-TIMING-RPX" Name="variaveis_exemplo_timing_summary_routed.rpx"/>
  <File Type="ROUTE-SIMILARITY" Name="variaveis_exemplo_incremental_reuse_routed.rpt"/>
  <File Type="ROUTE-CLK" Name="variaveis_exemplo_clock_utilization_routed.rpt"/>
  <File Type="POSTROUTE-PHYSOPT-DCP" Name="variaveis_exemplo_postroute_physopt.dcp"/>
  <File Type="POSTROUTE-PHYSOPT-TIMING" Name="variaveis_exemplo_timing_summary_postroute_physopted.rpt"/>
  <File Type="POSTROUTE-PHYSOPT-TIMING-PB" Name="variaveis_exemplo_timing_summary_postroute_physopted.pb"/>
  <File Type="POSTROUTE-PHYSOPT-TIMING-RPX" Name="variaveis_exemplo_timing_summary_postroute_physopted.rpx"/>
  <File Type="BG-BIT" Name="variaveis_exemplo.bit"/>
  <File Type="BG-BIN" Name="variaveis_exemplo.bin"/>
  <File Type="BITSTR-MSK" Name="variaveis_exemplo.msk"/>
  <File Type="BITSTR-RBT" Name="variaveis_exemplo.rbt"/>
  <File Type="BITSTR-NKY" Name="variaveis_exemplo.nky"/>
  <File Type="BITSTR-BMM" Name="variaveis_exemplo_bd.bmm"/>
  <File Type="BITSTR-MMI" Name="variaveis_exemplo.mmi"/>
  <File Type="BITSTR-SYSDEF" Name="variaveis_exemplo.sysdef"/>
  <File Type="BG-BGN" Name="variaveis_exemplo.bgn"/>
  <File Type="BG-DRC" Name="variaveis_exemplo.drc"/>
  <File Type="WBT-USG" Name="usage_statistics_webtalk.html"/>
  <FileSet Name="sources" Type="DesignSrcs" RelSrcDir="$PSRCDIR/sources_1">
    <Filter Type="Srcs"/>
    <File Path="$PSRCDIR/sources_1/new/Variaveis_exemplo.vhd">
      <FileInfo>
        <Attr Name="ImportPath" Val="$PPRDIR/../../Atividade1/Atividade1.srcs/sources_1/new/Variaveis_exemplo.vhd"/>
        <Attr Name="ImportTime" Val="1757502631"/>
        <Attr Name="UsedIn" Val="synthesis"/>
        <Attr Name="UsedIn" Val="simulation"/>
      </FileInfo>
    </File>
    <Config>
      <Option Name="DesignMode" Val="RTL"/>
      <Option Name="TopModule" Val="variaveis_exemplo"/>
      <Option Name="TopAutoSet" Val="TRUE"/>
    </Config>
  </FileSet>
  <FileSet Name="constrs_in" Type="Constrs" RelSrcDir="$PSRCDIR/constrs_1">
    <Filter Type="Constrs"/>
    <Config>
      <Option Name="ConstrsType" Val="XDC"/>
    </Config>
  </FileSet>
  <Strategy Version="1" Minor="2">
    <StratHandle Name="Vivado Implementation Defaults" Flow="Vivado Implementation 2015">
      <Desc>Vivado Implementation Defaults</Desc>
    </StratHandle>
    <Step Id="init_design"/>
    <Step Id="opt_design"/>
    <Step Id="power_opt_design"/>
    <Step Id="place_design"/>
    <Step Id="post_place_power_opt_design"/>
    <Step Id="phys_opt_design"/>
    <Step Id="route_design"/>
    <Step Id="post_route_phys_opt_design"/>
    <Step Id="write_bitstream"/>
  </Strategy>
</GenRun>
